kommun_name,price_area
Arjeplog,SE1
Arvidsjaur,SE1
Boden,SE1
Gällivare,SE1
Haparanda,SE1
Jokkmokk,SE1
Kalix,SE1
Kiruna,SE1
Luleå,SE1
Malå,SE1
Norsjö,SE1
Pajala,SE1
Piteå,SE1
Skellefteå,SE1
Älvsbyn,SE1
Överkalix,SE1
Övertorneå,SE1
Berg,SE2
Bjurholm,SE2
Bollnäs,SE2
Bräcke,SE2
Dorotea,SE2
Hudiksvall,SE2
Härjedalen,SE2
Härnösand,SE2
Kramfors,SE2
Krokom,SE2
Ljusdal,SE2
Lycksele,SE2
Nordanstig,SE2
Nordmaling,SE2
Ockelbo,SE2
Ovanåker,SE2
Ragunda,SE2
Robertsfors,SE2
Sollefteå,SE2
Sorsele,SE2
Storuman,SE2
Strömsund,SE2
Sundsvall,SE2
Söderhamn,SE2
Timrå,SE2
Umeå,SE2
Vilhelmina,SE2
Vindeln,SE2
Vännäs,SE2
Ånge,SE2
Åre,SE2
Åsele,SE2
Örnsköldsvik,SE2
Östersund,SE2
Ale,SE3
Alingsås,SE3
Aneby,SE3
Arboga,SE3
Arvika,SE3
Askersund,SE3
Avesta,SE3
Bengtsfors,SE3
Bollebygd,SE3
Borlänge,SE3
Borås,SE3
Botkyrka,SE3
Boxholm,SE3
Dals-Ed,SE3
Danderyd,SE3
Degerfors,SE3
Eda,SE3
Ekerö,SE3
Eksjö,SE3
Enköping,SE3
Eskilstuna,SE3
Essunga,SE3
Fagersta,SE3
Falköping,SE3
Falun,SE3
Filipstad,SE3
Finspång,SE3
Flen,SE3
Forshaga,SE3
Färgelanda,SE3
Gagnef,SE3
Gislaved,SE3
Gnesta,SE3
Gnosjö,SE3
Gotland,SE3
Grums,SE3
Grästorp,SE3
Gullspång,SE3
Gävle,SE3
Göteborg,SE3
Götene,SE3
Habo,SE3
Hagfors,SE3
Hallsberg,SE3
Hallstahammar,SE3
Hammarö,SE3
Haninge,SE3
Heby,SE3
Hedemora,SE3
Herrljunga,SE3
Hjo,SE3
Hofors,SE3
Huddinge,SE3
Hultsfred,SE3
Håbo,SE3
Hällefors,SE3
Härryda,SE3
Järfälla,SE3
Jönköping,SE3
Karlsborg,SE3
Karlskoga,SE3
Karlstad,SE3
Katrineholm,SE3
Kil,SE3
Kinda,SE3
Knivsta,SE3
Kristinehamn,SE3
Kumla,SE3
Kungsbacka,SE3
Kungsör,SE3
Kungälv,SE3
Köping,SE3
Laxå,SE3
Lekeberg,SE3
Leksand,SE3
Lerum,SE3
Lidingö,SE3
Lidköping,SE3
Lilla Edet,SE3
Lindesberg,SE3
Linköping,SE3
Ljusnarsberg,SE3
Ludvika,SE3
Lysekil,SE3
Malung-Sälen,SE3
Mariestad,SE3
Mark,SE3
Mellerud,SE3
Mjölby,SE3
Mora,SE3
Motala,SE3
Mullsjö,SE3
Munkedal,SE3
Munkfors,SE3
Mölndal,SE3
Nacka,SE3
Nora,SE3
Norberg,SE3
Norrköping,SE3
Norrtälje,SE3
Nykvarn,SE3
Nyköping,SE3
Nynäshamn,SE3
Nässjö,SE3
Orsa,SE3
Orust,SE3
Oxelösund,SE3
Partille,SE3
Rättvik,SE3
Sala,SE3
Salem,SE3
Sandviken,SE3
Sigtuna,SE3
Skara,SE3
Skinnskatteberg,SE3
Skövde,SE3
Smedjebacken,SE3
Sollentuna,SE3
Solna,SE3
Sotenäs,SE3
Stenungsund,SE3
Stockholm,SE3
Storfors,SE3
Strängnäs,SE3
Strömstad,SE3
Sundbyberg,SE3
Sunne,SE3
Surahammar,SE3
Svenljunga,SE3
Säffle,SE3
Säter,SE3
Sävsjö,SE3
Söderköping,SE3
Södertälje,SE3
Tanum,SE3
Tibro,SE3
Tidaholm,SE3
Tierp,SE3
Tjörn,SE3
Torsby,SE3
Tranemo,SE3
Tranås,SE3
Trollhättan,SE3
Trosa,SE3
Tyresö,SE3
Täby,SE3
Töreboda,SE3
Uddevalla,SE3
Ulricehamn,SE3
Upplands Väsby,SE3
Upplands-Bro,SE3
Uppsala,SE3
Vadstena,SE3
Vaggeryd,SE3
Valdemarsvik,SE3
Vallentuna,SE3
Vansbro,SE3
Vara,SE3
Varberg,SE3
Vaxholm,SE3
Vetlanda,SE3
Vimmerby,SE3
Vingåker,SE3
Vårgårda,SE3
Vänersborg,SE3
Värmdö,SE3
Västervik,SE3
Västerås,SE3
Ydre,SE3
Åmål,SE3
Årjäng,SE3
Åtvidaberg,SE3
Älvdalen,SE3
Älvkarleby,SE3
Öckerö,SE3
Ödeshög,SE3
Örebro,SE3
Österåker,SE3
Östhammar,SE3
Alvesta,SE4
Bjuv,SE4
Borgholm,SE4
Bromölla,SE4
Burlöv,SE4
Båstad,SE4
Emmaboda,SE4
Eslöv,SE4
Falkenberg,SE4
Halmstad,SE4
Helsingborg,SE4
Hylte,SE4
Hässleholm,SE4
Höganäs,SE4
Högsby,SE4
Hörby,SE4
Höör,SE4
Kalmar,SE4
Karlshamn,SE4
Karlskrona,SE4
Klippan,SE4
Kristianstad,SE4
Kävlinge,SE4
Laholm,SE4
Landskrona,SE4
Lessebo,SE4
Ljungby,SE4
Lomma,SE4
Lund,SE4
Malmö,SE4
Markaryd,SE4
Mönsterås,SE4
Mörbylånga,SE4
Nybro,SE4
Olofström,SE4
Osby,SE4
Oskarshamn,SE4
Perstorp,SE4
Ronneby,SE4
Simrishamn,SE4
Sjöbo,SE4
Skurup,SE4
Staffanstorp,SE4
Svalöv,SE4
Svedala,SE4
Sölvesborg,SE4
Tingsryd,SE4
Tomelilla,SE4
Torsås,SE4
Trelleborg,SE4
Uppvidinge,SE4
Vellinge,SE4
Värnamo,SE4
Växjö,SE4
Ystad,SE4
Åstorp,SE4
Älmhult,SE4
Ängelholm,SE4
Örkelljunga,SE4
Östra Göinge,SE4
